timestamp,open,high,low,close,volume
2024-01-01 00:00:00,50000.0,50023.048507221225,49999.536563935886,50000.0,21.22037063813331
2024-01-01 00:01:00,49974.68310779606,50047.461544211044,49919.00999622431,49974.68310779606,468.41894928330066
2024-01-01 00:02:00,49938.976957706334,49939.14853127526,49910.55326378829,49938.976957706334,777.786487531413
2024-01-01 00:03:00,49939.09997755488,50014.22665059509,49879.05483228094,49939.09997755488,0.13427085765349567
2024-01-01 00:04:00,49976.08872070369,49998.97034445988,49932.03297638432,49976.08872070369,869.3920733517089
2024-01-01 00:05:00,49974.84896131019,49995.92600421348,49953.0561106606,49974.84896131019,940.8545076114239
2024-01-01 00:06:00,49970.584127970375,49983.545549560666,49906.49942618307,49970.584127970375,367.5826718355899
2024-01-01 00:07:00,49939.98831374404,50010.83216866838,49896.914048314444,49939.98831374404,349.30488220931824
2024-01-01 00:08:00,49942.44315060498,49953.59069858728,49929.66132045077,49942.44315060498,377.94764141709294
2024-01-01 00:09:00,49930.568024037726,49950.89072685838,49862.04456474115,49930.568024037726,786.139804686108
2024-01-01 00:10:00,49916.48829235962,49954.41301092117,49910.472713950934,49916.48829235962,961.7838673435051
2024-01-01 00:11:00,49900.46480992259,49911.18155272879,49819.1286209039,49900.46480992259,988.5079469439185
2024-01-01 00:12:00,49917.371583362,49970.48623509594,49914.09418569864,49917.371583362,83.54454673860978
2024-01-01 00:13:00,49949.69410846486,49997.88717496261,49935.33431121115,49949.69410846486,522.8620805614427
2024-01-01 00:14:00,49960.865513000506,50009.91313560089,49902.228433747085,49960.865513000506,9.612524583897496
2024-01-01 00:15:00,49905.30469582021,49919.44190520496,49863.30392239749,49905.30469582021,126.6353413338116
2024-01-01 00:16:00,49892.448956382774,49902.46552246195,49873.589884250665,49892.448956382774,445.7465146769416
2024-01-01 00:17:00,49935.12122140972,49961.11013653132,49921.78275555389,49935.12122140972,244.05111210247665
2024-01-01 00:18:00,49942.320882839114,49959.58867907203,49883.695893637756,49942.320882839114,867.3504180396804
2024-01-01 00:19:00,49970.68503975553,49989.21475022454,49970.46943423817,49970.68503975553,697.5302063439294
2024-01-01 00:20:00,49991.107083016264,50063.36012966892,49983.41319790922,49991.107083016264,788.0297597493992
2024-01-01 00:21:00,49984.94653935714,50029.08221109025,49931.99930299127,49984.94653935714,318.05485941770695
2024-01-01 00:22:00,50013.08781176836,50070.65020425719,49939.945549117736,50013.08781176836,279.7711901469625
2024-01-01 00:23:00,49944.56051935194,49966.82865159359,49926.669246372825,49944.56051935194,650.8242348995731
2024-01-01 00:24:00,49926.754209915045,49934.56531553089,49837.786950209265,49926.754209915045,982.4413575356241
2024-01-01 00:25:00,49900.130088294,49950.62512030261,49871.04866958829,49900.130088294,540.3665074302093
2024-01-01 00:26:00,49904.74504544838,49970.11006023832,49876.54487883347,49904.74504544838,46.671973564553994
2024-01-01 00:27:00,49939.596775819475,50014.49054790599,49884.990314205636,49939.596775819475,621.787032698882
2024-01-01 00:28:00,49933.56103551399,49969.4033295244,49928.41969942673,49933.56103551399,857.5488485382306
2024-01-01 00:29:00,49928.55970606224,49959.9292577223,49914.92466113639,49928.55970606224,232.57539064048981
2024-01-01 00:30:00,49919.28210773816,49944.35744723284,49914.516042577794,49919.28210773816,866.3278021916437
2024-01-01 00:31:00,49905.13245397225,49908.43347456305,49861.96746644715,49905.13245397225,517.6225351164619
2024-01-01 00:32:00,49895.758294822386,49921.761497706284,49810.84696176067,49895.758294822386,890.2489543716524
2024-01-01 00:33:00,49890.06346780372,49901.94442466197,49801.60016770904,49890.06346780372,757.3239601332845
2024-01-01 00:34:00,49939.87212486027,49951.70501760117,49939.650250495186,49939.87212486027,269.48324741264804
2024-01-01 00:35:00,49973.80264847062,50064.743482739286,49923.306984121446,49973.80264847062,936.8265752349179
2024-01-01 00:36:00,49952.490894365335,50058.050942572416,49940.37468709502,49952.490894365335,446.9132023995097
2024-01-01 00:37:00,49979.749007856204,50001.55076599235,49976.70050116012,49979.749007856204,691.2572229360255
2024-01-01 00:38:00,49974.33369849971,49977.841105251355,49961.37405503093,49974.33369849971,329.76996102858527
2024-01-01 00:39:00,49985.71137633494,49999.873299402236,49966.84621264359,49985.71137633494,167.90302369964715
2024-01-01 00:40:00,49940.822534511804,50031.09106628663,49922.24908000913,49940.822534511804,703.4752317939605
2024-01-01 00:41:00,49927.36479716452,50013.27432626892,49899.93280531282,49927.36479716452,587.1408456070659
2024-01-01 00:42:00,49921.52419494317,49964.613233150136,49914.98089783785,49921.52419494317,407.9275238634493
2024-01-01 00:43:00,49933.56967890692,49946.32242717009,49930.08648093422,49933.56967890692,254.31892587379335
2024-01-01 00:44:00,49939.37282939811,49949.3955933133,49900.52038034715,49939.37282939811,578.2773303614866
2024-01-01 00:45:00,49949.61113755784,49987.21045079513,49928.86137155925,49949.61113755784,572.3601842499005
2024-01-01 00:46:00,49979.53203333114,50016.78903452928,49936.4546072974,49979.53203333114,565.6819230659852
2024-01-01 00:47:00,49966.074916284124,50002.18084984092,49902.84246910338,49966.074916284124,586.783880335366
2024-01-01 00:48:00,49887.77461279105,49897.1245936653,49886.76738420367,49887.77461279105,682.3710833179864
2024-01-01 00:49:00,49880.18909899034,49960.316254279875,49795.45566800228,49880.18909899034,645.8201412883225
2024-01-01 00:50:00,49872.60448391372,49908.8749968521,49808.63577333899,49872.60448391372,34.41960339565697
2024-01-01 00:51:00,49842.53262472642,49903.369513802565,49783.732021616495,49842.53262472642,235.0291242167848
2024-01-01 00:52:00,49847.417849554426,49899.83568153551,49756.93072730571,49847.417849554426,125.83276346816075
2024-01-01 00:53:00,49848.73267717776,49882.42908745756,49779.78158062933,49848.73267717776,510.73720795022416
2024-01-01 00:54:00,49827.97940665163,49868.781948635,49825.7636837524,49827.97940665163,381.1983379317404
2024-01-01 00:55:00,49847.42915315659,49865.847964550485,49835.14198590568,49847.42915315659,203.47588766490443
2024-01-01 00:56:00,49827.579207557545,49853.60771853929,49788.66732359003,49827.579207557545,878.6196364434458
2024-01-01 00:57:00,49842.775280935726,49891.51730130533,49816.93639034358,49842.775280935726,848.4320954497109
2024-01-01 00:58:00,49861.58768142326,49910.42723297838,49842.562796193444,49861.58768142326,741.6991199981151
2024-01-01 00:59:00,49898.42067051597,49904.3149196865,49862.226068519725,49898.42067051597,789.1972063856546
2024-01-01 01:00:00,49944.46865453797,49968.144227916506,49938.393415250765,49944.46865453797,768.3989906927756
2024-01-01 01:01:00,49929.40854314122,49981.26675777176,49902.34161549134,49929.40854314122,240.41511153799945
2024-01-01 01:02:00,49916.71713862884,49944.73823974036,49886.374427433475,49916.71713862884,901.248589011667
2024-01-01 01:03:00,49908.51600215739,49913.13199077117,49848.32958732394,49908.51600215739,484.66976209008607
2024-01-01 01:04:00,49879.941356383,49882.5063446252,49839.147006121195,49879.941356383,362.0646787965984
2024-01-01 01:05:00,49858.45530050358,49890.242343946826,49835.84237467501,49858.45530050358,780.4850101882773
2024-01-01 01:06:00,49840.23700362576,49844.856184081546,49806.33144984322,49840.23700362576,77.40513724901832
2024-01-01 01:07:00,49815.30957547887,49881.36206067965,49785.97664062948,49815.30957547887,772.5783027613226
2024-01-01 01:08:00,49807.775650929696,49856.46473170077,49798.63154587027,49807.775650929696,675.118294216934
2024-01-01 01:09:00,49803.48410274201,49847.18681904683,49778.996785156756,49803.48410274201,999.9087128502308
2024-01-01 01:10:00,49788.38435346875,49803.27606426902,49762.86168649558,49788.38435346875,674.0976068255763
2024-01-01 01:11:00,49802.52819390397,49821.08493170753,49759.237839974754,49802.52819390397,557.7518482697121
2024-01-01 01:12:00,49818.056376855464,49858.095122732404,49775.35915026195,49818.056376855464,374.8726335040181
2024-01-01 01:13:00,49839.626456810016,49857.11343133944,49815.07693260387,49839.626456810016,612.6400802339482
2024-01-01 01:14:00,49799.74275438765,49811.50650105425,49796.401827325826,49799.74275438765,620.4058012388854
2024-01-01 01:15:00,49776.84482185445,49804.89198287685,49774.639565047386,49776.84482185445,607.090129716373
2024-01-01 01:16:00,49777.74221217287,49783.3513025446,49745.77743472984,49777.74221217287,132.11075809822935
2024-01-01 01:17:00,49814.839128816995,49822.64074090922,49812.68681653538,49814.839128816995,838.9381413414139
2024-01-01 01:18:00,49864.54658673732,49919.32066888387,49843.88229124591,49864.54658673732,163.3080897664142
2024-01-01 01:19:00,49880.99636561627,49899.83741048138,49880.92716314505,49880.99636561627,744.9308351738321
2024-01-01 01:20:00,49874.45517500886,49882.79751531367,49853.88908512068,49874.45517500886,477.7922013472641
2024-01-01 01:21:00,49916.187237430924,49928.1927773755,49887.30251474024,49916.187237430924,264.6350808019109
2024-01-01 01:22:00,49929.001628078215,49964.50384661659,49920.31225518423,49929.001628078215,265.4235089337874
2024-01-01 01:23:00,49928.93514645591,49984.156565809906,49856.62976222595,49928.93514645591,838.823526034813
2024-01-01 01:24:00,49966.5592036708,50019.35270853628,49942.3509591944,49966.5592036708,597.8560998182927
2024-01-01 01:25:00,49994.070738797214,50020.41637954724,49967.56284341562,49994.070738797214,862.0171548382632
2024-01-01 01:26:00,49983.70147675025,49985.23565913303,49954.49332430761,49983.70147675025,582.8907323717075
2024-01-01 01:27:00,49973.316530903176,50011.1667674413,49943.97341283624,49973.316530903176,874.4421839109328
2024-01-01 01:28:00,49943.96658252892,49976.983999497286,49930.34055744286,49943.96658252892,92.67958275038113
2024-01-01 01:29:00,49932.33212635309,49933.24706366002,49924.33828243104,49932.33212635309,881.8061319291827
2024-01-01 01:30:00,49937.99527976222,49943.06085991722,49935.997185383225,49937.99527976222,437.8684220727581
2024-01-01 01:31:00,49912.654211260044,49914.95442224754,49896.40892388199,49912.654211260044,144.58144121038407
2024-01-01 01:32:00,49928.55978808139,49967.89229954587,49897.845489897176,49928.55978808139,30.109793924292248
2024-01-01 01:33:00,49919.90335362828,49998.13689673176,49899.20806707443,49919.90335362828,431.59089810705666
2024-01-01 01:34:00,49889.90709647429,49954.06967695422,49886.4167339525,49889.90709647429,153.61834519636764
2024-01-01 01:35:00,49900.383110453746,49957.211398897496,49843.09389753659,49900.383110453746,156.89490308771502
2024-01-01 01:36:00,49955.9769233859,49979.12805963925,49950.10663902956,49955.9769233859,443.3104985645763
2024-01-01 01:37:00,49965.50854399742,50012.888504720664,49903.787015884576,49965.50854399742,521.4464752724781
2024-01-01 01:38:00,49929.582499834774,49950.15090916134,49919.70693578643,49929.582499834774,430.79390785757045
2024-01-01 01:39:00,49910.81319413699,50006.67112497661,49855.31927403188,49910.81319413699,735.9204967407779
2024-01-01 01:40:00,49887.131063825946,49923.94616034876,49855.053751466425,49887.131063825946,853.4270916933388
2024-01-01 01:41:00,49910.9843295239,49926.024838706486,49878.07068035747,49910.9843295239,707.6536132733489
2024-01-01 01:42:00,49912.10833005958,49921.7277720043,49884.154176584154,49912.10833005958,692.8503327646158
2024-01-01 01:43:00,49909.3640405365,49965.977920492754,49855.94892394059,49909.3640405365,752.389175396126
2024-01-01 01:44:00,49926.423876602414,49939.43536303676,49876.796179750374,49926.423876602414,59.93836653905804
2024-01-01 01:45:00,49979.03693798796,50077.07993723688,49957.09556711087,49979.03693798796,466.67932981012785
2024-01-01 01:46:00,49988.48854429412,50037.67526246535,49977.25515253695,49988.48854429412,347.58226063578155
2024-01-01 01:47:00,49979.29783693047,50035.9234976729,49975.81917092194,49979.29783693047,830.621533265626
2024-01-01 01:48:00,49993.127571114295,49994.59332590245,49989.552016319096,49993.127571114295,203.92953318704966
2024-01-01 01:49:00,50012.59573788136,50036.00078936801,49995.10350071421,50012.59573788136,177.4986385823154
2024-01-01 01:50:00,50034.28802434215,50041.14682233362,49950.6207584467,50034.28802434215,649.5301495150117
2024-01-01 01:51:00,50024.69416241842,50024.73615861536,49984.04450152293,50024.69416241842,221.65546619131894
2024-01-01 01:52:00,50053.26883178655,50119.16400463912,50026.14312103559,50053.26883178655,575.6136393279356
2024-01-01 01:53:00,50027.59561810383,50048.29647728389,49999.17733015073,50027.59561810383,680.2752424740136
2024-01-01 01:54:00,49981.664789781484,49998.51928119382,49930.885126465044,49981.664789781484,590.8341396218672
2024-01-01 01:55:00,50011.922895527416,50017.453865977535,49962.49113273228,50011.922895527416,425.2722896158312
2024-01-01 01:56:00,49979.787990797646,50021.84008226089,49928.879141445395,49979.787990797646,82.60544162683725
2024-01-01 01:57:00,49997.36719056184,49998.00120687323,49953.96234264108,49997.36719056184,545.03075632477
2024-01-01 01:58:00,49988.46426360078,50009.71303954557,49913.266468341,49988.46426360078,653.3861407068458
2024-01-01 01:59:00,50027.949342408654,50072.463897834044,49990.24610297727,50027.949342408654,615.506113097809
2024-01-01 02:00:00,50069.74051349227,50122.276138426125,50048.42422609892,50069.74051349227,326.78045957148606
2024-01-01 02:01:00,50103.92433654845,50113.37786688007,50064.78746788045,50103.92433654845,882.8774052524648
2024-01-01 02:02:00,50114.00567759917,50117.79544033573,50026.148154489325,50114.00567759917,796.6429889441757
2024-01-01 02:03:00,50100.57323858206,50105.56994849427,50082.26173243627,50100.57323858206,740.3854531801044
2024-01-01 02:04:00,50071.10678045533,50107.61990627975,50043.514760396916,50071.10678045533,824.9564272212511
2024-01-01 02:05:00,50057.68358233291,50123.66763673436,50034.973955736794,50057.68358233291,372.17192479035145
2024-01-01 02:06:00,50030.77144270249,50044.4746655651,49977.062294516196,50030.77144270249,621.4883050693197
2024-01-01 02:07:00,50006.31850054824,50095.48131631834,49995.24281413785,50006.31850054824,334.9951625193918
2024-01-01 02:08:00,50016.44306033597,50035.884374773486,49950.722317738764,50016.44306033597,445.6343660601817
2024-01-01 02:09:00,50021.20226441277,50053.77570891889,49949.57612010746,50021.20226441277,489.2707578470443
2024-01-01 02:10:00,49995.457147630674,50028.73913867911,49904.37000146348,49995.457147630674,427.1108749949152
2024-01-01 02:11:00,49976.10338436476,49985.20688623588,49914.90753414883,49976.10338436476,282.0387349458199
2024-01-01 02:12:00,50016.92522262414,50024.7348048488,49991.874005924394,50016.92522262414,804.1861737152772
2024-01-01 02:13:00,50006.87120705367,50025.60207298449,49954.87466693148,50006.87120705367,883.262777358212
2024-01-01 02:14:00,50027.66621294287,50064.44931363009,49903.767923169,50027.66621294287,60.41100230945873
2024-01-01 02:15:00,50013.92810186952,50040.332727263376,50011.0666624066,50013.92810186952,436.31609267876934
2024-01-01 02:16:00,49992.620110371594,50011.03881798059,49910.799662305544,49992.620110371594,446.37980928714336
2024-01-01 02:17:00,49955.53388600193,50037.043199006075,49924.89751185162,49955.53388600193,281.42840633066015
2024-01-01 02:18:00,49973.36405509908,49992.159340881466,49955.712540374516,49973.36405509908,16.21234973717478
2024-01-01 02:19:00,50008.24545715101,50067.19689194856,49983.39599675155,50008.24545715101,712.2383817244369
2024-01-01 02:20:00,49993.4394190502,49997.79718493531,49959.85012403078,49993.4394190502,764.4822244153343
2024-01-01 02:21:00,50015.244464036885,50022.14382521735,49979.34033742734,50015.244464036885,254.61455883142293
2024-01-01 02:22:00,50035.268455219266,50092.881125226835,49970.65810881295,50035.268455219266,289.2550905224399
2024-01-01 02:23:00,50071.71859162698,50117.07807582161,50031.94397833916,50071.71859162698,996.3771833773326
2024-01-01 02:24:00,50067.92126449478,50071.120067458505,50066.14630306335,50067.92126449478,873.1050438218457
2024-01-01 02:25:00,50061.17102241235,50136.36104050317,50058.1713409548,50061.17102241235,811.5827109279923
2024-01-01 02:26:00,50072.98487938664,50076.79497241073,50027.93865004115,50072.98487938664,267.45339637277385
2024-01-01 02:27:00,50064.858844825234,50123.80566838519,50048.58874913243,50064.858844825234,811.1079945905464
2024-01-01 02:28:00,50051.64247110851,50061.045177343316,50004.48014753667,50051.64247110851,783.9971914300006
2024-01-01 02:29:00,50014.22401468408,50062.76784007699,49944.05406296016,50014.22401468408,414.06787908280205
2024-01-01 02:30:00,50018.912235426025,50064.47964471002,50015.40822980074,50018.912235426025,997.7842703174831
2024-01-01 02:31:00,50026.41249270653,50081.150489130276,49983.54053207508,50026.41249270653,202.29548372807915
2024-01-01 02:32:00,50006.072485987286,50030.94343385478,49921.55661946322,50006.072485987286,353.2870060478598
2024-01-01 02:33:00,50008.71276055531,50029.35098071945,49924.76665260189,50008.71276055531,100.17218337471145
2024-01-01 02:34:00,50015.133754038005,50053.04229353471,49994.631708938854,50015.133754038005,987.4734788129241
2024-01-01 02:35:00,49984.676845698654,50023.61056767363,49979.049524951275,49984.676845698654,537.5176574670401
2024-01-01 02:36:00,49997.594232178315,49998.54750455459,49971.20213038008,49997.594232178315,720.2912940289723
2024-01-01 02:37:00,49997.50267126402,50077.81544098117,49988.038694844676,49997.50267126402,283.0460635223647
2024-01-01 02:38:00,50056.4173006129,50096.152601618065,50054.7750840942,50056.4173006129,46.19807278976806
2024-01-01 02:39:00,50037.262773404465,50040.287502537954,50014.15803757183,50037.262773404465,196.4801853478195
2024-01-01 02:40:00,50012.152620238056,50037.91834384057,50004.364528595936,50012.152620238056,416.1310301628461
2024-01-01 02:41:00,50018.06031803466,50061.50638623091,49943.90920799851,50018.06031803466,513.8057372052689
2024-01-01 02:42:00,50047.638870689545,50062.56800012937,50038.04649201398,50047.638870689545,616.930857882125
2024-01-01 02:43:00,50036.88752719797,50062.71572193842,50005.083156227476,50036.88752719797,154.6536824008893
2024-01-01 02:44:00,50000.97785235586,50059.78366119947,49958.349942858884,50000.97785235586,578.848992846204
2024-01-01 02:45:00,50035.94833714847,50101.947317362356,49985.6554706703,50035.94833714847,102.96543708170492
2024-01-01 02:46:00,49984.90728391184,50000.648884137714,49884.09113950657,49984.90728391184,354.0338532458054
2024-01-01 02:47:00,49973.03382322436,50014.55998809632,49970.06537040846,49973.03382322436,275.2165980596066
2024-01-01 02:48:00,49965.72576667196,50000.76824181626,49961.207250394,49965.72576667196,588.8748966844371
2024-01-01 02:49:00,49997.10278500591,50039.90890682844,49943.15634204351,49997.10278500591,731.464499233217
2024-01-01 02:50:00,50007.42867124746,50052.36304576956,49976.267530399346,50007.42867124746,352.7248128256555
2024-01-01 02:51:00,50026.184823634634,50044.67770657816,49952.18549040918,50026.184823634634,212.8677105575373
2024-01-01 02:52:00,50037.732842856865,50084.7496947477,49989.06940822305,50037.732842856865,85.54151427907897
2024-01-01 02:53:00,50042.77454701285,50138.9215153513,50040.345887632626,50042.77454701285,823.1066106457237
2024-01-01 02:54:00,50047.712821961344,50081.55581360602,50000.6453913846,50047.712821961344,495.97123455802205
2024-01-01 02:55:00,50054.52453194556,50084.475492089565,50017.75836388483,50054.52453194556,769.8156315949988
2024-01-01 02:56:00,50085.60329086615,50089.357853167945,50014.64758508286,50085.60329086615,200.0036839120084
2024-01-01 02:57:00,50078.01413406421,50136.57105188216,50074.34185901267,50078.01413406421,533.9715990776837
2024-01-01 02:58:00,50054.9544085431,50101.842925493496,49987.01423286163,50054.9544085431,205.02918400606885
2024-01-01 02:59:00,50024.517998938325,50094.64739675382,49964.48331646264,50024.517998938325,240.06615706690314
2024-01-01 03:00:00,50026.50228840901,50053.48341510035,49985.46888652664,50026.50228840901,301.21446779672254
2024-01-01 03:01:00,50000.87144628516,50058.20570361494,49984.28263956443,50000.87144628516,264.2436344775078
2024-01-01 03:02:00,49980.591657207326,50008.29709649224,49936.36337828331,49980.591657207326,316.9118723638713
2024-01-01 03:03:00,50022.23679583957,50028.92339939116,49948.78209682898,50022.23679583957,378.4359844409242
2024-01-01 03:04:00,49997.83757710775,50024.120488531924,49993.49314439813,49997.83757710775,388.7210318786584
2024-01-01 03:05:00,50025.234590526896,50066.69336879506,49970.457781028235,50025.234590526896,727.7727953074648
2024-01-01 03:06:00,50030.872586922655,50091.39692406636,49968.33442451768,50030.872586922655,920.7760298479527
2024-01-01 03:07:00,50055.537815066375,50078.19184288025,50032.55758373155,50055.537815066375,54.02294433256094
2024-01-01 03:08:00,50045.85976065134,50104.17147605691,50008.379914367804,50045.85976065134,9.806419909784703
2024-01-01 03:09:00,50077.680657621815,50096.27132594405,50047.62055151426,50077.680657621815,283.89457719867914
2024-01-01 03:10:00,50090.12369963284,50140.732818019496,50037.57813989941,50090.12369963284,565.7927296041157
2024-01-01 03:11:00,50111.22589628235,50119.1300164807,50046.39157616605,50111.22589628235,837.7143376744008
2024-01-01 03:12:00,50119.96783349714,50168.8064615487,50112.28207505696,50119.96783349714,609.3156392085774
2024-01-01 03:13:00,50112.07110837965,50150.268592102766,50081.51536405135,50112.07110837965,680.4405629516933
2024-01-01 03:14:00,50094.129855532585,50128.04558716998,50024.00262260594,50094.129855532585,677.6209694144204
2024-01-01 03:15:00,50125.505424754665,50177.32448462526,50106.3348402291,50125.505424754665,956.9978276791705
2024-01-01 03:16:00,50143.461265676655,50194.75892607689,50120.35290512099,50143.461265676655,225.72115096691613
2024-01-01 03:17:00,50107.78100475777,50143.2866402999,50072.061930778036,50107.78100475777,491.36684468061355
2024-01-01 03:18:00,50141.53796647028,50154.050370895326,50086.09275035336,50141.53796647028,311.3771904208119
2024-01-01 03:19:00,50147.93752971259,50210.880237920144,50147.83521963646,50147.93752971259,943.1048961696408
2024-01-01 03:20:00,50177.057372098985,50191.238321890545,50153.249670901954,50177.057372098985,287.96184405116765
2024-01-01 03:21:00,50218.477551649856,50242.43663544513,50176.60694513753,50218.477551649856,557.4041508583734
2024-01-01 03:22:00,50234.44472176104,50298.13604228811,50200.11403440244,50234.44472176104,841.6481753345914
2024-01-01 03:23:00,50271.5456158445,50271.552843671474,50242.03354537203,50271.5456158445,502.2209998491726
2024-01-01 03:24:00,50247.61880850434,50272.299794731276,50156.39870364482,50247.61880850434,931.7641252756925
2024-01-01 03:25:00,50222.29712609293,50230.559670834904,50159.219794992496,50222.29712609293,511.35728629121866
2024-01-01 03:26:00,50198.35980551354,50212.912818530465,50181.31797892392,50198.35980551354,272.62631076590014
2024-01-01 03:27:00,50192.69400398948,50212.20262633033,50134.78191931908,50192.69400398948,433.35118300778794
2024-01-01 03:28:00,50188.903474240484,50210.78945741036,50143.10591397881,50188.903474240484,626.3363814321136
2024-01-01 03:29:00,50177.09162123731,50194.89640321402,50172.35947483776,50177.09162123731,946.4993148717145
2024-01-01 03:30:00,50173.718259578265,50184.02739611898,50167.752686308326,50173.718259578265,778.1325854009929
2024-01-01 03:31:00,50184.17918187453,50195.28237816089,50157.79630536087,50184.17918187453,285.43372068558057
2024-01-01 03:32:00,50212.35234139435,50249.36372810911,50176.52296824979,50212.35234139435,601.4416089182004
2024-01-01 03:33:00,50152.42816940248,50161.09634087557,50128.96102271413,50152.42816940248,721.1131240327812
2024-01-01 03:34:00,50137.815267025035,50142.5945452694,50114.73021289961,50137.815267025035,676.0167300298314
2024-01-01 03:35:00,50149.063114731995,50170.55815824169,50118.02969338027,50149.063114731995,324.63858720172556
2024-01-01 03:36:00,50166.79909724829,50211.05854827595,50087.26075579967,50166.79909724829,598.9294393914823
2024-01-01 03:37:00,50137.58653404408,50150.8263723852,50080.84627476058,50137.58653404408,188.5129157589842
2024-01-01 03:38:00,50096.74545579191,50118.04946080504,50060.1773821475,50096.74545579191,859.0066721178896
2024-01-01 03:39:00,50136.569321240204,50136.64555444701,50126.78272216305,50136.569321240204,179.48256309087475
2024-01-01 03:40:00,50134.53894927296,50141.506552593564,50082.8640379822,50134.53894927296,321.2586709251207
2024-01-01 03:41:00,50148.40762292116,50161.21796654763,50114.84712447422,50148.40762292116,413.45785471004604
2024-01-01 03:42:00,50170.80154429775,50171.97760826167,50162.189642670106,50170.80154429775,264.32492472715217
2024-01-01 03:43:00,50182.10166153698,50183.71241321102,50160.01974094749,50182.10166153698,344.8191076285665
2024-01-01 03:44:00,50222.79223604791,50223.41267637535,50203.62334685284,50222.79223604791,232.33367218181598
2024-01-01 03:45:00,50151.35161867415,50194.10161705435,50138.60492495432,50151.35161867415,94.83228217218553
2024-01-01 03:46:00,50133.84485771957,50177.091747438106,50115.61015767805,50133.84485771957,922.7262949694765
2024-01-01 03:47:00,50120.872330815546,50210.014718899576,50119.979498278204,50120.872330815546,679.9713436893784
2024-01-01 03:48:00,50149.45627326411,50206.993390421885,50124.619848563496,50149.45627326411,904.3932192612144
2024-01-01 03:49:00,50170.77354196047,50217.282429531944,50152.62712885202,50170.77354196047,884.055198321756
2024-01-01 03:50:00,50159.896513601154,50201.576967062596,50149.085696321825,50159.896513601154,165.13818667424363
2024-01-01 03:51:00,50161.012221083416,50209.41423830633,50101.898185943195,50161.012221083416,670.658558146067
2024-01-01 03:52:00,50170.25365305468,50181.02137719911,50153.54263094237,50170.25365305468,87.73105749279442
2024-01-01 03:53:00,50183.940360767934,50186.8315625968,50169.206214064056,50183.940360767934,652.7719583666022
2024-01-01 03:54:00,50182.1837859965,50199.26571201687,50158.39418277512,50182.1837859965,490.5791139382187
2024-01-01 03:55:00,50165.576556462795,50234.93583577487,50149.21706051562,50165.576556462795,618.611124666171
2024-01-01 03:56:00,50200.0629185988,50238.80519784832,50182.25814035208,50200.0629185988,276.5025999651832
2024-01-01 03:57:00,50154.671373344296,50167.495258563096,50067.84432377521,50154.671373344296,772.2097949499084
2024-01-01 03:58:00,50158.42944350687,50194.236771493794,50158.04208283243,50158.42944350687,388.9165674344026
2024-01-01 03:59:00,50114.23954634139,50152.17973697619,50109.5509965507,50114.23954634139,631.1496434102223
2024-01-01 04:00:00,50082.453531710635,50120.44504673533,50049.14552855736,50082.453531710635,887.3735576701237
2024-01-01 04:01:00,50064.60593630494,50137.125777768924,50044.66712529537,50064.60593630494,975.5145869846723
2024-01-01 04:02:00,50062.35399487425,50100.181135763676,50033.16220493316,50062.35399487425,64.41283072416681
2024-01-01 04:03:00,50066.8359358663,50073.54577309378,50021.539061531425,50066.8359358663,663.5829125087859
2024-01-01 04:04:00,50083.09893056547,50104.28085971649,50067.56836857667,50083.09893056547,26.390246704909526
2024-01-01 04:05:00,50127.86551808552,50186.18320259764,50001.985207507496,50127.86551808552,646.5280353206612
2024-01-01 04:06:00,50132.2730846485,50215.66396574934,50096.52572429872,50132.2730846485,592.2425059239707
2024-01-01 04:07:00,50127.80190590262,50147.63358700598,50068.44592658241,50127.80190590262,902.6531582312991
2024-01-01 04:08:00,50144.52932998524,50150.65019828416,50128.64319903572,50144.52932998524,195.82525306649578
2024-01-01 04:09:00,50134.89287041544,50181.36570613389,50070.87404535612,50134.89287041544,805.589736799711
2024-01-01 04:10:00,50152.70610530479,50157.86486897575,50147.88773625785,50152.70610530479,590.6476204504673
2024-01-01 04:11:00,50188.92496585705,50190.907771545826,50180.05188639489,50188.92496585705,151.82165112411616
2024-01-01 04:12:00,50207.66760847557,50232.63148693629,50147.113333834386,50207.66760847557,659.0037147239061
2024-01-01 04:13:00,50216.862212900116,50253.265155000605,50189.899669601626,50216.862212900116,617.723704722331
2024-01-01 04:14:00,50227.63248728776,50235.021591364086,50182.744273041906,50227.63248728776,614.5579325310617
2024-01-01 04:15:00,50219.11740369722,50276.12116396679,50171.930963356885,50219.11740369722,43.31879241545078
2024-01-01 04:16:00,50177.90432718496,50187.09733433247,50132.26857690358,50177.90432718496,673.7953689383792
2024-01-01 04:17:00,50188.39994433053,50262.31022114347,50128.6956879328,50188.39994433053,713.9207974059289
2024-01-01 04:18:00,50181.545967921935,50199.49281929336,50157.112609889875,50181.545967921935,952.9221010762002
2024-01-01 04:19:00,50183.105560576194,50192.11674359512,50152.00643660876,50183.105560576194,427.6578941325965
2024-01-01 04:20:00,50183.21048441946,50185.76164186803,50121.49519446768,50183.21048441946,630.2785539629881
2024-01-01 04:21:00,50205.69531501546,50252.371596525714,50141.79635737375,50205.69531501546,542.5342585393466
2024-01-01 04:22:00,50238.78884041242,50253.29676987327,50198.6963753584,50238.78884041242,411.52018785595135
2024-01-01 04:23:00,50270.958633040646,50359.12447982981,50243.31020777366,50270.958633040646,200.40319666338345
2024-01-01 04:24:00,50242.66288104915,50280.98727550113,50229.6012320359,50242.66288104915,817.2478702545542
2024-01-01 04:25:00,50212.50982616677,50253.15209286773,50205.96887084025,50212.50982616677,917.8990233062117
2024-01-01 04:26:00,50181.659106857005,50201.175429685085,50119.99764659105,50181.659106857005,716.8630602334916
2024-01-01 04:27:00,50197.246825537855,50241.65488483521,50188.30373387894,50197.246825537855,521.9553116101948
2024-01-01 04:28:00,50159.38643370103,50206.781359344284,50109.13382018414,50159.38643370103,852.5982610737145
2024-01-01 04:29:00,50154.1500488303,50191.56416015465,50144.46534775903,50154.1500488303,234.25186068770577
2024-01-01 04:30:00,50165.85561898039,50213.058045404854,50157.62314435379,50165.85561898039,270.37264007108166
2024-01-01 04:31:00,50152.295593087416,50194.64920355598,50101.90965506591,50152.295593087416,890.2113987487531
2024-01-01 04:32:00,50128.149986194985,50171.60696132307,50102.89821823629,50128.149986194985,15.046923069539474
2024-01-01 04:33:00,50104.05554549398,50141.43103744667,50045.80695936575,50104.05554549398,360.64989035365613
2024-01-01 04:34:00,50089.03937288995,50142.30714519321,50081.65583589908,50089.03937288995,336.4228087677086
2024-01-01 04:35:00,50053.745209117085,50054.89001218762,50039.516400403765,50053.745209117085,275.8389212350253
2024-01-01 04:36:00,50033.67429800153,50034.48957275155,50025.38796523375,50033.67429800153,819.9223711148272
2024-01-01 04:37:00,50035.575953453386,50110.49469942087,49985.290540334725,50035.575953453386,174.09680224154468
2024-01-01 04:38:00,50002.96198415082,50005.80499169973,49952.24654052973,50002.96198415082,740.4410923214119
2024-01-01 04:39:00,50019.95503621833,50037.71701340914,49977.50467216679,50019.95503621833,952.1002101982627
2024-01-01 04:40:00,50028.37975530035,50053.72142079944,49995.31295047586,50028.37975530035,145.3139510176309
2024-01-01 04:41:00,49971.61615394187,50014.58160479448,49952.59184212266,49971.61615394187,585.5025468167184
2024-01-01 04:42:00,49973.74576799219,50004.499815361545,49930.52797431349,49973.74576799219,154.7517112831912
2024-01-01 04:43:00,49970.56124942586,49982.41193733343,49948.77518011565,49970.56124942586,692.7198832638882
2024-01-01 04:44:00,49952.55052881335,49966.70671512766,49934.389685673996,49952.55052881335,275.9986900300835
2024-01-01 04:45:00,49948.246332130315,49976.82968095993,49908.71470515827,49948.246332130315,104.48016788057124
2024-01-01 04:46:00,49933.84910208886,49994.684356860795,49799.08718451559,49933.84910208886,494.3561494436643
2024-01-01 04:47:00,49953.554038659546,49956.61635420048,49952.68480164182,49953.554038659546,262.17677660782624
2024-01-01 04:48:00,49908.81366616604,49921.43118335172,49873.31158546009,49908.81366616604,146.3579255030364
2024-01-01 04:49:00,49947.51891263255,49982.91892183616,49914.17022258123,49947.51891263255,11.757525104413414
2024-01-01 04:50:00,49954.11480363647,50042.563094034624,49924.429304982645,49954.11480363647,327.3824709681801
2024-01-01 04:51:00,49972.86418802774,49984.23183722787,49905.00838959829,49972.86418802774,345.44640338071633
2024-01-01 04:52:00,50009.73668503846,50021.90380931306,49976.61347639812,50009.73668503846,518.5348947295196
2024-01-01 04:53:00,50015.15877962672,50071.92992912868,49999.63593119799,50015.15877962672,735.289357325173
2024-01-01 04:54:00,49981.06319464777,50015.57987489079,49967.34566410935,49981.06319464777,179.28003781025492
2024-01-01 04:55:00,50005.91178372344,50093.04262103225,49952.2540426267,50005.91178372344,558.2895492083366
2024-01-01 04:56:00,50026.88116247053,50061.883163990366,49994.35669462531,50026.88116247053,171.60516080514554
2024-01-01 04:57:00,50052.817290850784,50053.06709911394,50025.69934248353,50052.817290850784,828.594294939039
2024-01-01 04:58:00,50062.26038716768,50091.23881927269,50051.58916549064,50062.26038716768,242.10464356910467
2024-01-01 04:59:00,50079.13145561797,50096.813028653334,50068.6432155726,50079.13145561797,34.344277175075376
2024-01-01 05:00:00,50060.11788577016,50062.54117198819,50011.174491958554,50060.11788577016,647.8970850375321
2024-01-01 05:01:00,50074.368175601856,50124.8697402126,50053.98082741857,50074.368175601856,220.60164971244177
2024-01-01 05:02:00,50065.957174522606,50124.73426521702,49987.58716313752,50065.957174522606,567.5223624064042
2024-01-01 05:03:00,50140.16529134486,50161.76451175859,50102.95175678595,50140.16529134486,779.3892142290707
2024-01-01 05:04:00,50151.90141806273,50205.21704030585,50096.957372629404,50151.90141806273,248.31355142548196
2024-01-01 05:05:00,50130.05491361068,50149.150289738034,50069.757668722414,50130.05491361068,688.3916224219688
2024-01-01 05:06:00,50096.83608196003,50109.084561436124,50084.81718544378,50096.83608196003,97.56833274604759
2024-01-01 05:07:00,50073.37481109635,50114.36177970844,50036.34888761831,50073.37481109635,689.3895991755414
2024-01-01 05:08:00,50049.78107639536,50114.90760438726,49967.426257967076,50049.78107639536,834.365209820028
2024-01-01 05:09:00,50063.211197885284,50065.36967806406,50004.539190699375,50063.211197885284,371.51318306255945
2024-01-01 05:10:00,50083.212418751966,50120.20567091037,50035.33707192658,50083.212418751966,106.74826666422554
2024-01-01 05:11:00,50081.635038081615,50141.4746881887,50069.596315327115,50081.635038081615,654.2398636905406
2024-01-01 05:12:00,50004.21574585657,50023.15156867374,49919.27778106304,50004.21574585657,208.72208443650874
2024-01-01 05:13:00,49980.00943638224,50045.2767068651,49979.620965611786,49980.00943638224,385.2115989129242
2024-01-01 05:14:00,49971.95090859387,49977.03531883228,49959.631957321755,49971.95090859387,493.6744920118758
2024-01-01 05:15:00,50001.77827501989,50030.79337434506,49978.15619093037,50001.77827501989,793.792252944841
2024-01-01 05:16:00,49976.974601087306,49999.1923014841,49880.56386852379,49976.974601087306,540.0426678399766
2024-01-01 05:17:00,49947.088999277534,49990.7845829403,49940.98506357827,49947.088999277534,383.8388610163261
2024-01-01 05:18:00,49930.01615664055,49952.68073802593,49912.73013143226,49930.01615664055,687.2585147678783
2024-01-01 05:19:00,49900.15793727402,49903.56984241705,49855.81984325463,49900.15793727402,204.99006131230792
2024-01-01 05:20:00,49898.20264300928,49901.3520194572,49887.77174663949,49898.20264300928,569.0964857885358
2024-01-01 05:21:00,49888.55553717784,49915.14421068931,49886.46047484536,49888.55553717784,290.2906309187744
2024-01-01 05:22:00,49867.2899316611,49918.75173671432,49844.4455261705,49867.2899316611,159.08572325765792
2024-01-01 05:23:00,49861.663515157976,49875.36899740834,49786.23442716085,49861.663515157976,632.9455368433406
2024-01-01 05:24:00,49837.20707719596,49909.9212393751,49780.62682875033,49837.20707719596,332.8084139907732
2024-01-01 05:25:00,49786.756732156515,49787.71929949224,49749.46542212912,49786.756732156515,326.3393702014199
2024-01-01 05:26:00,49802.58300495063,49815.68763369696,49794.77931977417,49802.58300495063,505.7209635701201
2024-01-01 05:27:00,49777.26204880029,49782.7002958673,49775.470559454945,49777.26204880029,52.5272148163407
2024-01-01 05:28:00,49726.82365095936,49733.18109286673,49714.506133219926,49726.82365095936,790.6674863563812
2024-01-01 05:29:00,49734.73117086696,49738.224621170215,49690.70967951975,49734.73117086696,755.2800749481346
2024-01-01 05:30:00,49725.320819146946,49737.92209680421,49714.323665671334,49725.320819146946,657.3313175555148
2024-01-01 05:31:00,49736.4021912776,49747.08485128854,49712.49390141931,49736.4021912776,768.1141385439478
2024-01-01 05:32:00,49691.828675121134,49692.82290023679,49617.38148935355,49691.828675121134,322.15520545365894
2024-01-01 05:33:00,49720.85254986506,49730.99529072827,49678.163810612394,49720.85254986506,697.4849717649433
2024-01-01 05:34:00,49699.20111129925,49741.80286866752,49684.84828481768,49699.20111129925,483.94797185155323
2024-01-01 05:35:00,49684.31323987384,49716.27270605041,49599.57279318322,49684.31323987384,614.9009347256324
2024-01-01 05:36:00,49672.00558532187,49675.85145595348,49601.38343473771,49672.00558532187,113.65868345980957
2024-01-01 05:37:00,49678.30082193232,49701.96854352686,49631.15175796178,49678.30082193232,124.02174609278337
2024-01-01 05:38:00,49634.41950039238,49702.550803662176,49567.2365851647,49634.41950039238,557.8124107402687
2024-01-01 05:39:00,49635.93464823392,49683.54790050788,49635.1530789259,49635.93464823392,973.3465801555128
2024-01-01 05:40:00,49635.19197062988,49742.39060589758,49559.92411478105,49635.19197062988,758.3295099276645
2024-01-01 05:41:00,49676.3556843201,49698.269733061985,49663.670208236676,49676.3556843201,643.6600246929631
2024-01-01 05:42:00,49687.8259461454,49700.04243599888,49676.81951717121,49687.8259461454,224.75012539439788
2024-01-01 05:43:00,49676.31530890769,49681.92888180528,49624.87075342733,49676.31530890769,836.8566543975332
2024-01-01 05:44:00,49688.811551206265,49712.539981984555,49645.61356760352,49688.811551206265,788.6382579106144
2024-01-01 05:45:00,49710.044308603494,49788.990893838294,49699.77361111474,49710.044308603494,821.5669414014125
2024-01-01 05:46:00,49708.31817488564,49767.328944113804,49706.12453529665,49708.31817488564,543.7722623192661
2024-01-01 05:47:00,49694.470467834166,49731.320704729194,49672.536394955736,49694.470467834166,377.4415343634313
2024-01-01 05:48:00,49680.417450918765,49703.26834229247,49614.33726917134,49680.417450918765,757.9823258522734
2024-01-01 05:49:00,49675.24633798978,49689.126997122716,49624.446433295896,49675.24633798978,906.5407834396905
2024-01-01 05:50:00,49723.01109282665,49757.936210956264,49666.37137755969,49723.01109282665,848.2727069441738
2024-01-01 05:51:00,49727.455595434054,49781.28301258722,49685.11327169869,49727.455595434054,607.0652755620024
2024-01-01 05:52:00,49726.96055458835,49734.053998280106,49720.934769779444,49726.96055458835,440.87943292176965
2024-01-01 05:53:00,49736.49781979352,49765.11996886802,49654.65409369958,49736.49781979352,727.7299007665621
2024-01-01 05:54:00,49741.20167086561,49796.52343946337,49733.58167843918,49741.20167086561,838.5729425652241
2024-01-01 05:55:00,49744.969354932764,49770.602988486535,49708.45370903298,49744.969354932764,248.6709363350452
2024-01-01 05:56:00,49773.451741554825,49797.16491895613,49753.06660387624,49773.451741554825,423.0480697238357
2024-01-01 05:57:00,49786.85544674902,49795.94554247033,49776.680201281684,49786.85544674902,184.50361807409666
2024-01-01 05:58:00,49792.8534166616,49815.233838678,49698.27581926684,49792.8534166616,726.5758027570365
2024-01-01 05:59:00,49776.76053912382,49825.805650596936,49744.350560526276,49776.76053912382,982.276331330927
2024-01-01 06:00:00,49758.69561727513,49813.882582616796,49729.626589607615,49758.69561727513,208.8415557153811
2024-01-01 06:01:00,49775.733656101205,49784.45967856094,49725.11195843632,49775.733656101205,392.0500505670366
2024-01-01 06:02:00,49806.48438426543,49875.32514023761,49781.65346977848,49806.48438426543,781.8582127400869
2024-01-01 06:03:00,49803.86300427793,49805.772666098695,49711.10170386283,49803.86300427793,958.597963168879
2024-01-01 06:04:00,49803.077278362965,49831.25020916767,49741.6234196274,49803.077278362965,883.8220798596566
2024-01-01 06:05:00,49825.31605537227,49869.22315074181,49764.99736619076,49825.31605537227,336.67313285009857
2024-01-01 06:06:00,49870.886267110815,49883.09720379354,49859.18296729615,49870.886267110815,511.0276390256624
2024-01-01 06:07:00,49872.24775243647,49888.533761150175,49773.91786089526,49872.24775243647,199.75468200374215
2024-01-01 06:08:00,49883.80225693753,49903.04983736879,49857.75198585485,49883.80225693753,352.6334158451092
2024-01-01 06:09:00,49869.572558629734,49874.79571882764,49843.2755583,49869.572558629734,276.20992495796304
2024-01-01 06:10:00,49893.94798434552,49895.703475210335,49850.264071384074,49893.94798434552,802.9476040743976
2024-01-01 06:11:00,49883.03669184715,49889.82960013846,49838.85218003379,49883.03669184715,253.61911442216433
2024-01-01 06:12:00,49879.51785698848,49902.07650455821,49868.66807647596,49879.51785698848,271.3470775933421
2024-01-01 06:13:00,49859.75610933149,49900.234638588845,49823.53701074345,49859.75610933149,549.8877812106757
2024-01-01 06:14:00,49897.74262218384,49904.59245019046,49874.72409082866,49897.74262218384,549.0264179949437
2024-01-01 06:15:00,49880.16095716502,49893.66024660176,49842.49664840964,49880.16095716502,105.73913630953113
2024-01-01 06:16:00,49879.84600719716,49904.66939841622,49811.98415162202,49879.84600719716,271.50666206141636
2024-01-01 06:17:00,49875.11334093567,49882.733875285485,49862.773039472006,49875.11334093567,399.17899361800926
2024-01-01 06:18:00,49908.536210999766,49925.25508733215,49893.035155678604,49908.536210999766,602.0655792797608
2024-01-01 06:19:00,49904.9515407798,49948.77583469803,49893.011586936314,49904.9515407798,931.4354847117323
2024-01-01 06:20:00,49912.439192591635,49975.07567881042,49899.06720413163,49912.439192591635,57.66721694835486
2024-01-01 06:21:00,49886.93104729246,49901.5262367231,49839.75900508978,49886.93104729246,213.7128602015752
2024-01-01 06:22:00,49881.17831743157,49988.24201327424,49830.65313952186,49881.17831743157,356.88159147188736
2024-01-01 06:23:00,49865.06033231775,49929.671368574745,49838.89005714458,49865.06033231775,337.2720548975287
2024-01-01 06:24:00,49904.44006642878,49926.6795568339,49880.46023105127,49904.44006642878,198.9517467248506
2024-01-01 06:25:00,49899.03494568108,49937.07839823432,49849.757055548245,49899.03494568108,391.1463694729276
2024-01-01 06:26:00,49913.16047114923,49959.79881122448,49898.084833571695,49913.16047114923,679.0502164441723
2024-01-01 06:27:00,49941.85199285909,49967.81891735871,49918.401183130605,49941.85199285909,723.1588081298485
2024-01-01 06:28:00,49937.54962854105,49975.754766003585,49871.16011952398,49937.54962854105,286.805363485467
2024-01-01 06:29:00,49902.43017906641,49904.3700468663,49896.09329095946,49902.43017906641,470.95336005319854
2024-01-01 06:30:00,49914.531953587146,49934.32641698091,49880.01185683937,49914.531953587146,911.7044727086444
2024-01-01 06:31:00,49916.88006523682,49943.251406492185,49901.57534253895,49916.88006523682,832.541021701796
2024-01-01 06:32:00,49896.59253944848,49928.9688658788,49855.9631031055,49896.59253944848,702.7098129177455
2024-01-01 06:33:00,49873.46527506997,49919.73986992489,49871.02202370762,49873.46527506997,357.33464802611417
2024-01-01 06:34:00,49870.68569742767,49901.73151225769,49823.255381463154,49870.68569742767,601.6378169100576
2024-01-01 06:35:00,49865.28157850037,49878.981190308456,49759.34261360803,49865.28157850037,685.3294748551124
2024-01-01 06:36:00,49863.96261005722,49871.92324246422,49838.66943705318,49863.96261005722,696.5616794059518
2024-01-01 06:37:00,49868.44381690588,49895.556968619174,49864.54270845,49868.44381690588,927.1010660383124
2024-01-01 06:38:00,49833.194115272374,49845.98017857615,49814.22436864666,49833.194115272374,560.9191441105003
2024-01-01 06:39:00,49861.75833482972,49937.62242975779,49844.659378847595,49861.75833482972,265.9911827091466
2024-01-01 06:40:00,49860.32241962429,49865.525132271505,49856.90062774309,49860.32241962429,162.8640161264562
2024-01-01 06:41:00,49863.271464184756,49950.062111287225,49817.317431311436,49863.271464184756,734.5534232060893
2024-01-01 06:42:00,49858.99787887623,49876.28630063777,49852.78866969115,49858.99787887623,944.1981253428885
2024-01-01 06:43:00,49838.66460732929,49881.963369858575,49791.40850259828,49838.66460732929,369.79603446552676
2024-01-01 06:44:00,49863.66249939216,49891.04355858363,49845.27888261599,49863.66249939216,484.88723526494505
2024-01-01 06:45:00,49871.595069445364,49885.91232479301,49870.821517213044,49871.595069445364,458.0500444281832
2024-01-01 06:46:00,49888.775864439645,49953.09379837477,49850.982913779204,49888.775864439645,819.1575579922524
2024-01-01 06:47:00,49937.23323555742,49948.68307290362,49913.86990219461,49937.23323555742,656.6143062842266
2024-01-01 06:48:00,49944.37673464172,49978.912716083374,49879.004487582046,49944.37673464172,86.24647755328752
2024-01-01 06:49:00,49899.411269675955,49915.85786461854,49823.201029180724,49899.411269675955,893.6831636827413
2024-01-01 06:50:00,49898.994003587446,49902.49305405041,49831.49142878088,49898.994003587446,698.0466619761978
2024-01-01 06:51:00,49939.67856593081,49953.7425466076,49887.55521388251,49939.67856593081,289.82174751085466
2024-01-01 06:52:00,49946.29019803093,49965.869765051866,49868.95493574333,49946.29019803093,80.5260954151138
2024-01-01 06:53:00,49980.69489686395,49993.50228006285,49936.9769743366,49980.69489686395,80.24208927183885
2024-01-01 06:54:00,50003.44897736177,50038.069676949504,49974.275996523575,50003.44897736177,271.3894461549576
2024-01-01 06:55:00,50009.73840284252,50091.26832640869,50006.111778197155,50009.73840284252,154.759467627435
2024-01-01 06:56:00,50018.5170205491,50019.42136441521,49887.68305670673,50018.5170205491,8.938804406829481
2024-01-01 06:57:00,49971.376291577704,50023.82349898927,49913.29238783096,49971.376291577704,530.282990274737
2024-01-01 06:58:00,50013.449572631594,50026.946795393094,50010.34780696309,50013.449572631594,717.6423011026058
2024-01-01 06:59:00,50041.693125835576,50064.41922369195,50024.57563930685,50041.693125835576,908.1729941866259
2024-01-01 07:00:00,50089.250963944716,50114.42495375215,50075.77723149089,50089.250963944716,518.1572363899058
2024-01-01 07:01:00,50122.22403036919,50181.67876767151,50121.65012792542,50122.22403036919,828.5276248212574
2024-01-01 07:02:00,50121.92781369131,50143.560982808194,50085.3505799619,50121.92781369131,219.12872477694202
2024-01-01 07:03:00,50140.82386633896,50142.58228043723,50092.624869294275,50140.82386633896,93.44677642428456
2024-01-01 07:04:00,50126.84588254923,50138.828479514676,50076.38296578502,50126.84588254923,168.8763379160877
2024-01-01 07:05:00,50122.74810164476,50196.85658863438,50026.380706186086,50122.74810164476,900.6851633059148
2024-01-01 07:06:00,50110.911194411055,50149.35471967416,50058.9682865538,50110.911194411055,983.280674039686
2024-01-01 07:07:00,50098.789984182484,50108.711334153835,49979.86783857686,50098.789984182484,254.00534098497428
2024-01-01 07:08:00,50108.354735876586,50159.596510793235,50095.2113235652,50108.354735876586,773.4374032369666
2024-01-01 07:09:00,50112.56980376158,50123.59876289959,50082.31819895445,50112.56980376158,261.48939608779955
2024-01-01 07:10:00,50124.34661219431,50128.467345268145,50083.79456363791,50124.34661219431,663.5706162380228
2024-01-01 07:11:00,50081.170410880826,50138.55141910231,50075.18971544182,50081.170410880826,691.293159761686
2024-01-01 07:12:00,50101.634125500386,50230.57729095683,50092.89201545924,50101.634125500386,21.805056776632583
2024-01-01 07:13:00,50129.00992955253,50132.37276051458,50124.46802020385,50129.00992955253,663.7590298761911
2024-01-01 07:14:00,50090.528843072476,50111.11159975565,50069.13730613425,50090.528843072476,666.1072186787916
2024-01-01 07:15:00,50118.17240738955,50144.437267038054,50055.15356937276,50118.17240738955,151.39506563764792
2024-01-01 07:16:00,50110.543047635496,50126.04326216394,50043.93870390614,50110.543047635496,501.136649087766
2024-01-01 07:17:00,50146.774131853424,50165.90152134801,50089.23282716256,50146.774131853424,917.6474507362383
2024-01-01 07:18:00,50139.256233138134,50142.13351301906,50111.71205027122,50139.256233138134,745.0957481162593
2024-01-01 07:19:00,50111.501027797,50196.63622500981,50065.70938948742,50111.501027797,173.99875954484446
2024-01-01 07:20:00,50150.545142673094,50157.09254145973,50110.70415847156,50150.545142673094,764.0776968531972
2024-01-01 07:21:00,50138.388568586495,50224.10551302127,50114.58151757219,50138.388568586495,153.88837384008525
2024-01-01 07:22:00,50133.00650066188,50207.65058296256,50101.36744416187,50133.00650066188,827.9381061811554
2024-01-01 07:23:00,50138.883654811085,50163.87223150282,50122.339511772494,50138.883654811085,58.058795234661844
2024-01-01 07:24:00,50150.682323719564,50180.936667896814,50133.371679276424,50150.682323719564,871.7973149826756
2024-01-01 07:25:00,50128.56815119306,50147.79541005597,50124.74431032636,50128.56815119306,350.23925857771843
2024-01-01 07:26:00,50124.84870692406,50127.52195628716,50084.54067761388,50124.84870692406,971.8845985518835
2024-01-01 07:27:00,50087.22896986406,50114.50436083972,50043.68149199323,50087.22896986406,463.7947765325007
2024-01-01 07:28:00,50089.94853112416,50116.36545112985,50018.50652706404,50089.94853112416,886.9564545531598
2024-01-01 07:29:00,50111.02216267432,50150.39367901294,50080.88680033816,50111.02216267432,166.22522357671843
2024-01-01 07:30:00,50123.80095028428,50126.00446905019,50118.49265134501,50123.80095028428,887.1337556819715
2024-01-01 07:31:00,50131.18925076725,50150.98840317724,50123.47524917726,50131.18925076725,643.0820927974935
2024-01-01 07:32:00,50101.84992909119,50131.46430287486,50049.55852444008,50101.84992909119,27.540742578527897
2024-01-01 07:33:00,50114.62310118417,50159.703197636445,50102.42381822372,50114.62310118417,90.60142438021724
2024-01-01 07:34:00,50111.996332651564,50151.11516383949,50099.856546027586,50111.996332651564,205.43607097561934
2024-01-01 07:35:00,50123.92021539996,50135.56214669865,50094.67118853247,50123.92021539996,809.2967926840925
2024-01-01 07:36:00,50092.403109263425,50132.378576853764,50035.805586469294,50092.403109263425,26.440471616809514
2024-01-01 07:37:00,50107.78157846355,50108.901062839395,50080.25840399668,50107.78157846355,293.94174281184104
2024-01-01 07:38:00,50078.12598559386,50107.92672117338,50044.73573918628,50078.12598559386,255.9236685575804
2024-01-01 07:39:00,50078.32181967264,50084.20611165602,50076.40649355029,50078.32181967264,571.0713239307547
2024-01-01 07:40:00,50091.959079959066,50204.05803508147,50078.07683243638,50091.959079959066,82.43867144708261
2024-01-01 07:41:00,50100.56730376981,50117.22317171926,50092.341976465694,50100.56730376981,916.629318569584
2024-01-01 07:42:00,50117.7180819809,50168.40587694887,50089.9760196927,50117.7180819809,784.3313184773277
2024-01-01 07:43:00,50103.070717815695,50141.338424282505,50026.390983473044,50103.070717815695,121.25765344328477
2024-01-01 07:44:00,50118.907237941356,50123.918627350635,50106.437356909206,50118.907237941356,221.28694458765352
2024-01-01 07:45:00,50128.37254282583,50154.78592905276,50095.975131607534,50128.37254282583,232.825012550532
2024-01-01 07:46:00,50130.25549554242,50150.673497565935,50054.993143744075,50130.25549554242,381.09993982261426
2024-01-01 07:47:00,50134.04387557682,50155.26506363815,50080.64364018595,50134.04387557682,648.9604860389425
2024-01-01 07:48:00,50158.08737276991,50228.851126530106,50083.540853647086,50158.08737276991,428.4785211059606
2024-01-01 07:49:00,50195.75147165199,50226.85103138218,50130.25927738676,50195.75147165199,354.02593792120075
2024-01-01 07:50:00,50130.81149251115,50172.64068897214,50129.70563131465,50130.81149251115,547.9803912958356
2024-01-01 07:51:00,50129.65833155963,50168.255761513254,50103.9214917362,50129.65833155963,896.8690828648067
2024-01-01 07:52:00,50090.967387982404,50148.41752809288,50067.024939626455,50090.967387982404,529.3605996422158
2024-01-01 07:53:00,50147.722382279244,50150.05054797613,50113.735160725286,50147.722382279244,728.3522824599535
2024-01-01 07:54:00,50208.65310663033,50236.428562994835,50196.833520224456,50208.65310663033,100.78999906402252
2024-01-01 07:55:00,50175.390541494075,50179.43408808428,50164.796271863284,50175.390541494075,916.222715009218
2024-01-01 07:56:00,50184.856730004605,50261.68453422896,50179.47641523348,50184.856730004605,243.67212342782983
2024-01-01 07:57:00,50203.95141259233,50284.619068620195,50170.13723752428,50203.95141259233,872.3321896409092
2024-01-01 07:58:00,50211.03383797475,50215.041459762004,50116.43783620138,50211.03383797475,494.06477320020934
2024-01-01 07:59:00,50242.72853345934,50276.86170393946,50197.60432603546,50242.72853345934,61.06381329754063
2024-01-01 08:00:00,50229.59837804673,50260.74330930132,50210.578129517206,50229.59837804673,602.1316685320021
2024-01-01 08:01:00,50211.7217434545,50249.58615246148,50208.17730248564,50211.7217434545,941.8675939897304
2024-01-01 08:02:00,50203.32786639253,50209.329214745136,50187.107987979216,50203.32786639253,18.051487052118343
2024-01-01 08:03:00,50239.74918364453,50240.14830383108,50215.14861203751,50239.74918364453,283.3145172179795
2024-01-01 08:04:00,50234.011599629695,50353.197229652185,50195.87854915668,50234.011599629695,191.54536625159258
2024-01-01 08:05:00,50252.90793776387,50258.583504590984,50227.778812573444,50252.90793776387,6.025676977323924
2024-01-01 08:06:00,50249.54144165506,50279.81323358306,50200.4507012147,50249.54144165506,142.28343664260902
2024-01-01 08:07:00,50257.28987780504,50294.33896403473,50240.2323390631,50257.28987780504,427.23090914593854
2024-01-01 08:08:00,50242.0964156802,50253.744620869336,50166.417610119395,50242.0964156802,694.7105404654717
2024-01-01 08:09:00,50252.5795905394,50256.686888732074,50226.10203339167,50252.5795905394,800.7592323758375
2024-01-01 08:10:00,50257.57545453691,50285.966354718905,50212.24741445161,50257.57545453691,7.842176645663113
2024-01-01 08:11:00,50221.05874536155,50239.131464735765,50124.47403379076,50221.05874536155,671.731720117653
2024-01-01 08:12:00,50278.285239116,50286.43213401223,50260.91444624625,50278.285239116,974.4341306189024
2024-01-01 08:13:00,50317.325756906044,50406.16929997859,50289.53388287018,50317.325756906044,724.9415183028999
2024-01-01 08:14:00,50295.06693389165,50325.24021315799,50278.77663367072,50295.06693389165,329.37088298984105
2024-01-01 08:15:00,50306.46336435949,50331.436387257476,50305.09948149023,50306.46336435949,550.172658057938
2024-01-01 08:16:00,50309.825592385794,50345.35380538024,50298.00035161384,50309.825592385794,304.4244704433675
2024-01-01 08:17:00,50346.8677132838,50355.502566386254,50342.89898225861,50346.8677132838,677.0116203083796
2024-01-01 08:18:00,50305.92763244606,50336.077960836505,50285.46678856961,50305.92763244606,595.6345430136539
2024-01-01 08:19:00,50248.59490962115,50320.17871754756,50232.23880956793,50248.59490962115,341.9024609191439
